Codigo,Preco,Mercadoria
132,"0,00",CATUPIRY C PRA PIZZA BIS 15KGX8
143,"0,00",REQUEIJAO AMARILIS BISNAGA
150,"0,00",MARGARINA 75% BALDE 15 KG SUPREMA
151,"0,00",FERMENTO BIOLOGICO SECO INSTANTANEO M DOCE 500 G P450
152,"0,00",ACUCAR CRISTAL SUPERIOR SACO 50 KG 20
153,"0,00",FARINHA DE TRIGO DONA MARIA 50 KG 00001
154,"0,00",MARGARINA 75% BALDE 15 KG PRIMOR
155,"0,00",MELHORITA P5
156,"0,00",ACUCAR REFINADO GRANULADO 50 KG 0000000000082
157,"0,00",EMULSIZAN EMULSIF. CONC. HIDROSSOLUVEL BSNGA 100 GRS 001.001162-003
168,"0,00",AMBIANTE 1LT
169,"0,00",CHANTILLY PLATINUM MAURI
170,"0,00",BRIOCHE 100% SC 5KG
171,"0,00","SICAO CHOC GOLD MEIO AMARGO 1,01KG"
172,"0,00","SICAO COB BRANCA MAIS 1,01 KG"
173,"0,00",BOLO DA MONTANHA MULTIGRAO SC 2KG
174,"0,00","HARMONY COLD CHOCOLATE BLD 4,5KG"
180,"0,00",FERMENTO BIOLOGICO INSTANTANEO 500G
181,"0,00",MARGARINA INDUSTRIAL MEDALHA DE OURO 80% 15KG
185,"0,00",FARINHA MEDALHA DE OURO 50KG
199,"0,00",TEGRAL BROWNIE 2KG
200,"0,00",MIST PAO DE QUEIJO MAURI 1KG
201,"0,00",GELEIA BRILHO MORANGO S/SEMENTE MAURI 4K
203,"0,00",CATUPIRY CREMILLE 18KG CX8UND
224,"0,00",MARG.IND.P.SABOR 70% 15KG
226,"0,00","HARMONY COLD NEUTRO BLD 4,5KG"
227,"0,00","CHOCOLANTE BRANCO BARRA 2,01KG"
228,"0,00","CHOCOLANTE MEIO AMARGO BARRA 2,01KG"
229,"0,00",LINGUICA TOSCANA LEBON CONG 5 KG
249,"0,00",LINGUICA CALABRESA RETA PERDIGAO
252,"0,00",FILE DE PEITO
259,"0,00",ADIPAN
260,"0,00",ADICREM CREME CONFEITEIRO
261,"0,00",FERMENTO QUIMICO
262,"0,00",ADINOMAX PAO DE QUEIJO
263,"0,00",BATTERMIX LARANJA
264,"0,00",BATTERMIX AIPIM
265,"0,00",AMIDO DE MILHO
266,"0,00",FILE DE PEITO DE FRANGO CONG. ENV. LAR CX 20 KG (71713)
277,"0,00",CARNE MOIDA CONG. FORTBOI CX 20X 500GR (2805) 1444
283,"0,00",BATTERMIX FUBA COMPLETO
284,"0,00",BATTERMIX AMENDOIM
285,"0,00",BATTERMIX MILHO VERDE TRAD.
286,"0,00",ESSENCIA BAUNILHA
287,"0,00",ESSENCIA COCO
288,"0,00",ESSENCIA LARANJA
289,"0,00",ESSENCIA ABACAXI
290,"0,00",BRILHO MORANGO
291,"0,00",BRILHO NEUTRO
292,"0,00",BRILHO CHOCOLATE
293,"0,00",BRILHO MARACUJA
294,"0,00",RECHEIO CHOCOLATE TRUFADO
295,"0,00",BRILHO CARAMELO
296,"0,00",CALDA DE CARAMELO
297,"0,00",BRILHO FRUTAS VERMELHAS
298,"0,00",COBERTURA BRANCA ESPELHADA
299,"0,00",BATTERMIX MULTIGRANO
300,"0,00",ZARPAN N HIDROSSOLUVEL BISNG
309,"0,00",LINGUICA CALABRESA CUR PERD
314,"0,00",HAMBURGUER BOV FGO FAST BURGER CX2016
315,"0,00",LINGUICA TIPO CALABRESA SADIA
317,"0,00",LINGUICA CALAB. RETA LEBON
319,"0,00",CREME RECHEIO MAURI 1KG
320,"0,00",FT IND.MED.DE OURO 25KG
361,"0,00",FILE DE PEITO DE FRANGO CONG. JAGUA CX 20 KG (400487)
362,"0,00",UVAS PASSAS
363,"0,00",SACO PANETONE 500 G
364,"0,00",PREPARADO PANETONE C GEMAS
365,"0,00",FORMA PARA PANETONE 500G
366,"0,00",FRUTAS CRISTALIZADAS
367,"0,00",FORMA PARA PANETONE 400G
368,"0,00",RECHEIO LIMAO COM RASPAS
375,"0,00",MOLHO DE TOMATE TAMBAU TRAD. POUCH UND  2 KG (0203013)
376,"0,00",LINGUICA MISTA CONG FRANGOSUL PCT 5 KG (2058)
377,"0,00",PALLET VAZADO 14X100X120 PTO.BOLIVAR 1UN
387,"0,00",CARNE MOIDA PURISSIMA CX15KG
392,"0,00",LINGUICA CALAB DEF RETA REZENDE PC25 CX15KG
394,"0,00",FILE DE PEITO DE FRANGO IND. MISTER FRANGO CX 18 KG (33922)
401,"0,00",TRIGUS BATATA
402,"0,00",TRIGUS BRIOCHE
409,"0,00",HAMBURGUER TEXAS GRANEL CX 2016KG
442,"0,00",MARGARINA SUPREMA 80% LIP.15 KG BD
443,"0,00",PLACAS PARA SORVETE 10L
449,"0,00",LINGUICA DEFUMADA FRANGO FRIATO PC25 CX15KG
455,"0,00",RECHEIO MARACUJA
456,"0,00",RECHEIO DOCE DE LEITE
457,"0,00",RECHEIO CHOCOLATE COM AMENDOIM
461,"0,00",LINGUICA CALABRESA RETA SADIA INST 25KG
469,"0,00",FILE CONG BOB CARRER CX10KG
488,"0,00",FERM.BIO.INST.FERMIPAN BROWN MD 500G
491,"0,00",ADINOR EMULSIZAN EMULSIF.CONC.HIDROS.5KG
492,"0,00",FT DOM.FINNA ESP.1KG
493,"0,00",FT IND.DIVINA ESP.25KG
498,"0,00",SUI IND LING CALABRESA FRESCA
516,"0,00",ESSENCIA BAUNILHA
517,"0,00",ESSENCIA LARANJA
518,"0,00",RECHEIO CHOCOLATE
519,"0,00",RECHEIO ABACAXI COM PEDACOS DE FRUTA
520,"0,00",RECHEIO MORANGO COM PEDACOS DE FRUTA
521,"0,00",BRILHO LIMAO COM RASPAS
523,"0,00",PEITO SOPFC MET FRANGO CONG ITF 15KG PD
525,"0,00",CATUPIRY CREMILLE  CX10 15KG
526,"0,00",LINGUICA SUINA PARA CHURRASCO SAUDALI PC5KG CX10KG
546,"0,00",FT IND.DIVINA ESP.50KG
556,"0,00",FILEZINHO DE PEITO ENV 20KG LAR
564,"0,00",FERMENTO INST. ADINOPAN
568,"0,00",REFRESCO TANG CAJA
575,"0,00",FT IND.MAXTRIGO PREMIUM 50KG
589,"0,00",BATTERMIX FUBA NORMAL
590,"0,00",BATTERMIX ECONOMICO
591,"0,00",BATTERMIX MILHO VERDE CREM.
592,"0,00",BATTERMIX ABACAXI
593,"0,00",BATTERMIX CAKE BANANA CLASSIC
594,"0,00",BATTERMIX LEITE CONDENSADO
595,"0,00",BATTERMIX LIMAO
596,"0,00",BATTERMIX CENOURA
597,"0,00",BATTERMIX FUBA CREMOSO
598,"0,00",TRIGUS SOFT INTEGRAL BANANA MEL E AVEIA SEB
599,"0,00",TRIGUS DOCEMIX PAO FRANCES 12 GRAOS
600,"0,00",FT IND.MAXTRIGO PAO FRANCES 25KG
601,"0,00",FILE DE PEITO FATIADO NAT PC2KG CX12KG
602,"0,00",ADIPAN
603,"0,00",DOCEMIX MASSA DOCE
604,"0,00",LINGUICA CHURR MISTA PT5KG PERD 20KG
609,"0,00",MIST.BOLO DE AIPIM BUNGE PRE MESCLA 5KG
627,"0,00",FT IND.DO PADEIRO 25KG
631,"0,00",FT IND.DO PADEIRO 50KG
632,"0,00",FT IND.SUPREMA 50KG
633,"0,00",FT IND.ADORITA ESP.50KG
637,"0,00",MARGARINA SOFITELI BALDE 15KG
639,"0,00",FARINHA TRIGO MEDALHA DE OURO 50KG FD
642,"0,00",FRG CONG MEIO PEITO S/O S/P
643,"0,00",BAND.LAMINADA 34X41 CM N 05 UN 1
644,"0,00",BANDEJA A20 BRANCA C/4X100UN CT 1
645,"0,00",EMB.P/ BOLO I-32 INTRAPLAST BASE (BRANCA)1X100UN CX 1
646,"0,00",BOB PICOTADA 25 X 35 SEGPLAST(KG) UN 1
647,"0,00",COLHER REF PREMIUM PRAFESTA CRISTAL 20X50UN PC 1
648,"0,00",ETIQ PRECO BRANCA MX 5500 C/1X10 UN 1
649,"0,00",ETIQUETA TERMICA BAL. 40X40 READY C/48 UN UN 1
650,"0,00",GARFO REF PRAFESTA PREMIUM BRANCO(20X50)UND PC 1
651,"0,00",SACOLA 38X48 COMPACT 10X100 UN ML 1
652,"0,00",PRATO DE PAPELAO 17XCM N 03 C/100 UN CT 1
653,"0,00",LUVA PLASTICA FORT FLEX HEALTH PCT C/100 PC 1
654,"0,00",FILME DE PVC ARTLINE 380X9X1000 UN UN 1
655,"0,00",SACOLA 30X40 (P) PAES E DOCES (ML) ML 1
656,"0,00",KIT POTE/TAMPA COPOZAN 500ML (14X25) PC 1
666,"0,00",LINGUICA TOSCANA SADIA PCT5KG CX20KG
667,"0,00",FILE DE PEITO BDJ CX12KG NAT
670,"0,00",EMB. P/ BOLO I-65 BASE BRANCA CX 1X50UN CX 1
671,"0,00",SACO 60X90 DE ALTA POLIET 1X1000UN CT 1
672,"0,00",PRATO DE PAPELAO 17XCM N 05 C/100 UN CT 1
673,"0,00",SACOLA 30X45 (P) RECICLADA (KG) KG 1
674,"0,00",HAMBURGUEIRA H02 ULTRA BR-FD 4X100UN CT 1
675,"0,00",ALCOOL SAFRA LIQUIDO 70 INPM-CX 12X1000ML UN 1
681,"0,00","REQUEIJAO NATURAL DA VACA 1,8KG CULINARIO(E)"
683,"0,00",ESSENCIA ABACAXI
685,"0,00",COXINHA DA ASA TEMP 1KG CX18KG C VALE
686,"0,00",LINGUICA CALABRESA ESTRELA PC25 CX15KG
691,"0,00",LINGUICA PERNIL SEARA KG
692,"0,00",LINGUICA CALA DEFUMADA SEARA KG
695,"0,00",PRATO DE PAPELAO 17XCM N 04 C/100 UN CT 1
704,"0,00",LINGUICA CAL SUINA SEARA CG PC25KG 75KGCX
705,"0,00",MEIO DAS ASAS TEMP IQF PCT1KG BOM TODO CX16KG
710,"0,00",ESTUFA 6080 F10 ALZ TITANIUM 1UN
711,"0,00",LINGUICA CALAB NOBRE PC2KG CX10KG
724,"0,00",BANDEJA A20 BRANCA C/4X100UN CT 1
725,"0,00",SACOLA 30X45 (P) RECICLADA (AZUL) (KG) KG 1
726,"0,00",COPO 050ML HAPPY 50X100UN PC 1
730,"0,00",FT IND.BEM FACILL 25KG
731,"0,00",KIT POTE/TAMPA RIOPLASTIC 500ML (12X25) PC 1
735,"0,00",FT IND.SUPREMA 25KG
736,"0,00",ASSADEIRA CANALETADAS 58X58 6OND SMT2
739,"0,00",CANUDO VITA REFRESQUE SACHE FD 30X100UN UN 1
740,"0,00",KIT POTE/TAMPA F.C 500ML (14X25) PC 1
741,"0,00",MUSCULO BOVINO
747,"0,00",FT IND.PREDILETA 25KG
755,"0,00",SACOLA 30X45 RECICLADA (KG) KG 1
756,"0,00",LUVA PLAST EMBAKEEP CX 100X100 UN PC 1
757,"0,00",EMB.P/ BOLO I-32 INTRAPLAST BASE (PRETA)1X100UN CX 1
758,"0,00",SACOLA 38X48 (M) COMPACT 10X100UN (ML) ML 1
759,"0,00",COPO 150ML COPOBRAS 25X100UN PC 1
760,"0,00",COLHER REF PREMIUM PRAFESTA BRANCA 20X50UN PC 1
761,"0,00",GARFO REF PRAFESTA PREMIUM BRANCO(20X50)UND PC 1
772,"0,00",0000001642 - GARRAFA FL 1000 ML C12
773,"0,00",0000000132 - EMBALAGEM PLAST. LS 1L REGULAR
788,"0,00",BEBIDA MISTA ISIS GUARANA E ACAI 350 ML
793,"0,00",SACOLA 37X47 (M) RIOPLASTIC 1000UN (ML) ML 1
794,"0,00",PRATO DE PAPELAO 17XCM N 04 C/100 UN PC 1
795,"0,00",PRATO DE PAPELAO 17XCM N 05 C/100 UN CT 1
801,"0,00",SACOLA 33X45 (P) FORPACK RECICLADA KG KG 1
802,"0,00",T 170 MANUAL TERMICA C/100 UN CX 1
803,"0,00",SACOLA 44X60 LISA BRANCA COMPACT 1000UN ML 1
804,"0,00",KIT POTE/TAMPA JBM 500ML (12X25) PC 1
808,"0,00",0000001640 - VASIL COCA-COLA LS 1L
810,"0,00",0000000436 - VASILHAME 600ML CX24UN
811,"0,00",0000000135 - EMB.PLAST. 600 ML
823,"0,00",CREME 05L OREO ( SLUP )
829,"0,00",SORV 01LT NAPOLITANO LIGHT
830,"0,00",.MA.CER 500G AO LEITE POWER BALL
831,"0,00",0000000156 - GARRAFA KUAT 290ML CX/24
832,"0,00",0000001161 - VASIL C-COLA ZERO KS 290ML
833,"0,00",0000000131 - EMB.PLAST. STD
837,"0,00",FT IND.SOBERANA PAPEL 25KG
839,"0,00",FTDE10-FORNO TURBO DIGITOP ELET 10EST TRIF 380V
847,"0,00",ADISTAB ESTABILIZANTE P BOLOS
848,"0,00",BRILHO MORANGO
849,"0,00",BRILHO NEUTRO
850,"0,00",BRILHO CHOCOLATE
851,"0,00",BRILHO CARAMELO
852,"0,00",CALDA DE CARAMELO
853,"0,00",BRILHO FRUTAS VERMELHAS
860,"0,00",0001202967 - ADES MACA TP 1L
861,"0,00",FT IND.PREDILETA PAPEL 25KG
865,"0,00",FT IND.BEM FACILL PAPEL 25KG
870,"0,00",FARINHA DE TRIGO DONA MARIA 25 KG
876,"0,00",BATTERMIX INTEGRAL
877,"0,00",RECHEIO BAUNILHA
878,"0,00",RECHEIO COCO
879,"0,00",BATTERMIX BROWNIE
880,"0,00",RECHEIO CHOCOLATE TRUFADO
881,"0,00",RECHEIO MORANGO
882,"0,00",RECHEIO GOIABA
883,"0,00",RECHEIO LIMAO COM RASPAS
903,"0,00","MAQUINA CAFE PRETA IDEA S29 1,2L 220V"
919,"0,00",0001202709 - MONST ULTRA PARAD LT 473ML
924,"0,00",FT IND.SUPREMA PAPEL 25KG
925,"0,00",MARG.IND.ELOGIATA 70% BLD 15KG
940,"0,00",MILHO PIPOCA KIM PULA PULA ALM 20X500G
951,"0,00",CAPSULA CAFE TRES SUPR 8X10X8G
952,"0,00",CAPSULA CAFE TRES VIBR 8X10X8G
957,"0,00",SACOLA 30X45 RECICLADA KG
958,"0,00",ETIQUETA TERMICA BAL 40X40 C/60 UN
959,"0,00",SACOLA 29X44 (P) ERIVAN 1000UN (ML
960,"0,00",SACOLA 38X48 M COMPACT FINA
961,"0,00",PRATO DE PAPELAO 17XCM Nº 04 C/100 UN
962,"0,00",PRATO DE PAPELAO 17XCM Nº 03 C/100 UN
963,"0,00",LUVA PLASTICAS VABENE CX 100X100 UN
964,"0,00",ETIQ PRECO VOLTE SEMPRE MX 5500 C/1X10
973,"0,00",GUARD. SERIDO 14X14 C/ 120 FD C/ 20 PCT
974,"0,00",EMB.P/ BOLO I-32 INTRAPLAST BASE (PRETA)1X100UN
975,"0,00",SACO LIXO 100 LT 75X90X10 PRETO
976,"0,00",SACOLA 25X35 (PP) ERIVAN 1000UN (ML)
977,"0,00",COPO 150ML ULTRA PP TRANSP 20X50UN
978,"0,00",COLHER REF PRAFESTA BRANCA 20X50UN
979,"0,00",GARFO REF PRAFESTA PREMIUM BRANCO 20X50 UND
980,"0,00",COPO 050ML HAPPY 50X100UN
981,"0,00",SACOLA 45X60 (G) ERIVAN 1000UN (ML)
1035,"0,00",ACUCAR 3C INST REFIN SACHE 1008X5G
1036,"0,00",AMIDO DE MILHO INDEMIL 25KG
1037,"0,00",FT IND.MED.DE OURO 25KG
1038,"0,00",FT IND.ADORITA ESP.25KG
1047,"0,00",PRE MIST.SINGEL 25KG
1049,"0,00",GOMA MASCAR TRIDENT MAX MENTABERRY 14X165 GR (762
1050,"0,00",IOGURTE VIVA LEVE AMEIXA 170 G
1071,"0,00",BATATA ROAST
1072,"0,00",IOGURTE ISIS AMEIXA 900 G
1073,"0,00",DROPS HALLS MENTA 21X28 GR (76222105511300)
1074,"0,00",DROPS HALLS CEREJA 21X28 GR (76222105509700)
1075,"0,00",LOGOTIPO NEON SC ACRIL 400MM
1076,"0,00",0001000167 - LEAO ICE TEA CF PES PET 1L (CX06)
1077,"0,00",BOLACHA INTEGRAL 20 X 200GR
1078,"0,00",COCO RALADO QUEIMADO LONGO 1KG
1079,"0,00",COCO RALADO FLOCADO FIOS LONGOS ADEL 1KG
1080,"0,00",CHANTILLY BETTERCREME SUPREMO 907G RICHS
1081,"0,00",GANACHE MEIO AMARGO RICHS 4KG
1082,"0,00",GANACHE BRANCO RICHS 4KG
1083,"0,00",GANACHE TOFFEE RICHS 4KG
1084,"0,00","COB FRAC CHOC BRANCA RICHS 2,3KG"
1085,"0,00","COB FRAC CHOC MEIO AMARGO RICHS 2,3KG"
1086,"0,00",CALDA ADIMIX 7KG PUDIM
1087,"0,00",GELEIA FRUTGEL 4KG MORANGO
1088,"0,00","DOCE PASTOSO DE LEITE XB 9,8KG"
1089,"0,00","DOCE PASTOSO DE LEITE C/CHOC XB 9,8KG"
1090,"0,00",CHANTILLY TOPPING NIAGARA 907G RICHS
1091,"0,00",GELEIA BRILHO NEUTRA PREMIUM RICHS 4KG
1092,"0,00",PASTA SPECIALITA 3KG CREME LEITINHO
1093,"0,00",MIST P/ BOLO CREM MIX 5KG F. VERMELHAS
1094,"0,00",TABLETE LACTA DIAMANTE NEGRO 12X34 GR (76222105733
1095,"0,00",BISCOITO LACTA BIS CHOC BRANCO MULTIPACK 1X3024 G
1096,"0,00",KIT POTE C/ TAMPA ULTRA 500ML (14X25)
1097,"0,00",SACOLA 29X44 P COMPACT FINA
1098,"0,00",SACOLA 37X47 (M) ERIVAN 1000UN (ML)
1099,"0,00",GOMA MASCAR TRIDENT MAX HORTELA 14X165 GR (762221
1100,"0,00",BALA BUBBALOO MORANGO PATINHAS 12X15 GR (762221056
1101,"0,00",FILEZINHO FGO CONG BDJ 1KG SADIA
1102,"0,00",QUEIJO MUSSARELA
1104,"0,00",IOGURTE ISIS FRUTAS VERMELHAS 900 G
1105,"0,00",0001209201 - GOM PURE FRUIT 3L 5P 15FSX8.5G
1106,"0,00",PIC 60 G MARENI CAJA CX C/30UN (Base de agua)
1107,"0,00",PIC 60 G MARENI NAPOLITANO CX C/30UN (Base de leite)
1108,"0,00",PIC 65 G MARENI BRIGADEIRO CX C/30UN
1109,"0,00",PIC 88 G MARENI MARE AMENDOAS CX C/18UN
1110,"0,00",COPO 180 G MARENI NAPOLITANO CX C/08UN
1111,"0,00",CONE 80 G MARENI BRIGADEIRO CX C/10UN
1112,"0,00",COPO SUNDAE 95 G MARENI PAVE CX C/12UN
1113,"0,00",COPO 100 G MARENI BRIGADEIRO CX C/12UN
1114,"0,00",PIC 65 G MARENI TABLETE CX C/30UN
1115,"0,00",PT 02L MARENI NAPOLITANO PC C/04UN
1116,"0,00",PT 02L MARENI PAVE PC C/04UN
1117,"0,00",TOUCA DESC. BRANCA FORTFLEX CX 50X100UN
1118,"0,00",REQUEIJAO ISIS TRADICIONAL 400 G
1119,"0,00",CAFE CAPPUCCINO 3 CORACOES CHOCOLATE SACHE 50X20G
1120,"0,00",CAFE CAPPUCCINO 3 CORACOES CLASSIC SACHE 50X20G
1121,"0,00",BEBIDA LACTEA 3 CORACOES CAPPUCCINO PINGADO PET 6X260ML
1122,"0,00",FRISCO LARANJA JONES 3 SACHE 10X18X18G
1123,"0,00",FRISCO MORANGO JONES 3 SACHE 10X18X18G
1124,"0,00",CAPSULA CAFE CAPPUCCINO TRES HAVANNA DOCE LEITE 8X10X11G
1125,"0,00",TABLETE LACTA AO LEITE 12X34 GR (76222105733600)
1126,"0,00",TABLETE LACTA LAKA 12X34 GR (76222105733300)
1127,"0,00",MIX P/PAO DE QUEIJO LOPES 1KG
1128,"0,00",MAXMIX SANTA 50KG
1129,"0,00",BEBIDA LACTEA CAPPUCCINO 3 CORACOES POWER WHEY CLASSICO 12X250ML
1130,"0,00",BEBIDA LACTEA CAPPUCCINO 3 CORACOES POWER WHEY CHOCOLATE 12X250ML
1131,"0,00",BEBIDA LACTEA CAPPUCCINO 3 CORACOES POWER WHEY COOKIES N CREAM 12X250ML
1132,"0,00",BEBIDA LACTEA CAPPUCCINO 3 CORACOES POWER WHEY DOCE DE LEITE 12X250ML
1133,"0,00",MANGA DE CONFEITEIRO BAKELS
1134,"0,00",DOCE PASTOSO DE LEITE C/ CHOC XB 5KG
1135,"0,00",PIC 65 G MARENI FLOCANTE CX C/30UN
1136,"0,00",PIC 60 G MARENI IOGURTE GREGO FRUTAS VERM. CX C/30UN
1137,"0,00","PT 1,5L MARENI NINHO TRUFADO PC C/04 UN."
1138,"0,00",PT 02L MARENI BOMBOM PC C/04UN
1139,"0,00",PT 02L MARENI CREME C PASSAS PC C/04UN
1140,"0,00",PT 02L MARENI BRIGADEIRO PC C/04UN
1141,"0,00",PT 02L MARENI TOFFE PC C/04UN
1142,"0,00",COPO 180 G MARENI CHOCREME CX C/08UN
1143,"0,00",CONE 75 G MARENI CROCANTE CX C/10UN
1144,"0,00",COPO SUNDAE 95 G MARENI MORANGO CX C/12UN
1145,"0,00",COPO 100 G MARENI NAPOLITANO CX C/12UN
1146,"0,00",CHEETOS 45 G ONDA REQUEIJAO(E)
1147,"0,00",CEBOLITOS 60G(E)
1148,"0,00",BATATA LAYS 45 G CLASSICA(E)
1149,"0,00",CHEETOS 37G BOLA(E)
1150,"0,00",CHEETOS 40 G LUA PARMESAO(E)
1151,"0,00",FANDANGOS 45 G PRESUNTO(E)
1152,"0,00",FANDANGOS 45 G QUEIJO(E)
1153,"0,00",DORITOS 53 G C/ PRECO NACHO(E)
1154,"0,00",DORITOS 53 G C/ PRECO SWEET CHILI(E)
1155,"0,00",CHEETOS 41 G PATAS(E)
1156,"0,00",DORITOS 48 G PIZZA(E)
1157,"0,00",BATATA SENSACOES 40 G FRANGO GRELHADO(E)
1158,"0,00",BATATA PALHA 60G ELMA CHIPS NA MESA TRADICIONAL(E)
1159,"0,00",RUFFLES 40 G SAL(E)
1160,"0,00",SALG 38 G TORCIDA COSTELA C/LIMAO(E)
1161,"0,00",SALG 38 G TORCIDA CHURRASCO(E)
1162,"0,00",FANDANGOS 45 G CHURRASCO(E)
1163,"0,00",RUFFLES 35G CHEESEBURGER(E)
1164,"0,00",MAXMIX ASA 50KG
1165,"0,00",COPO 150ML HAPPY 25X100UN
1166,"0,00",COPO 050ML ULTRACOPOS 50X100UN
1167,"0,00",BISC. CLUB SOCIAL MIX DE QUEIJOS 6X23.5 GR (762221
1168,"0,00",BISC. OREO ORIGINAL RECHEADO 16X18 GR (76222105300
1169,"0,00",FT IND. DONA BENTA 50KG
1170,"0,00",FT IND.BRANDINI PROF.50KG
1171,"0,00",MAXIMIX MAXI 50KG
1172,"0,00",KIT POTE/TAMPA 500ML CRISTALCORPO 12X25
1173,"0,00",HAMBURGUEIRA H02 ULTRA BRFD 4X100UN
1174,"0,00",BANDEIJA ISOPOR B1 BANCA C/400 UND
1175,"0,00",SACOLA 30X45 (P) VERMELHA KG
1176,"0,00",TODDY 175 G ORIGINAL SACHET(E)
1177,"0,00",RUFFLES 40 G CEBOLA E SALSA(E)
1178,"0,00",0001209251 - BALA MENTOS MINT 14P 16STX37.5G
1179,"0,00",PT 02L MARENI FLOCOS PC C/04UN
1180,"0,00",COPO SUNDAE 95 G MARENI CHOCOLATE CX C/12UN
1181,"0,00",BISCOITO LACTA BIS CHOC BRANCO MULTIPACK 5X1008 G
1182,"0,00",BISCOITO LACTA BIS CHOC AO LEITE MULTIPACK 5X1008
1183,"0,00",CREME DE LEITE 17 UHT 200G
561,"0,10",BALA TOFFE SORTIDA SANTA RITA
620,"0,10",BALA SORTIDA FANTASIA SANTA RITA 18X600G
254,"0,15",BALA MASTIGAVEL FRUTAS
233,"0,20",CHICLETE PLUT CAB ABOBORA
234,"0,20",CHICLETE PLUT BABA BRUXA
549,"0,20",CHICLETE BUBBALOO ADAMS UVA
560,"0,20",CARAMELOS BAUNILHA E CHOCOLATE SANTA RITA
657,"0,20",CHICLETE BUBBALOO ADAMS HORTELA UN
238,"0,25",PIRULITO CHERRY POP CEREJA
476,"0,25",CHICLETES ADAMS TUTTI FRUTTI
477,"0,35",CHICLETE BUBBALOO ADAMS MORANGO
1065,"0,35",GOMA PURE FRESH SORT MONO
11,"0,50",PAO UND
178,"0,60",PAO RECHEADO
27,"0,75",ROSQUINHA AÇUCARADA UND
77,"0,75",QUEIJO PETIT SUISSE ISINHO MORANGO UN
625,"0,75",BEBIDA LACTEA ISIS MORANGO 120 G
629,"0,75",BISCOITO CLUB SOCIAL ORIGINAL DISPLAY
698,"0,75",COLORIFICO DONA CLARA C/SAL 100G
709,"0,75",BISCOITO CLUB SOCIAL ORIGINAL ECONOMICA 24GR
774,"0,75",BEBIDA LACTEA ISIS BANANA C/ MACA BANDEJA 540 G UN
917,"0,75",ESPONJA DE LIMPEZA LUME CLEAN 1UND
487,"0,99",PICOLE SLUPOP AMENDOIM ( SLUP )
29,"1,00",PAO DOCE ESPECIAL UND
98,"1,00",HAMBURGUER MISTO LEBON
137,"1,00",CAFE
239,"1,00",PASTILHA FREEGELLS CEREJA
240,"1,00",PASTILHA  FREEGELLS EUCALIPTO
247,"1,00",BEBIDA LACTEA ISIS MORANGO 540G BANDEJA / UN
258,"1,00",MALLOWDREAM CUPCAKE
343,"1,00",PAO COM QUEIJO
355,"1,00",PICOLE SLUPOP CHICLETE
356,"1,00",PICOLE SLUPOP MORANGO
386,"1,00",HAMBURGUER FRANG CHULET UN
404,"1,00",PICOLE SLUPOP CHOCOLATE ( SLUP )
436,"1,00",REFRESCO TANG MORANGO 25GR
437,"1,00",REFRESCO TANG UVA 25GR
438,"1,00",REFRESCO TANG LARANJA 25GR
439,"1,00",REFRESCO TANG MARACUJA 25GR
475,"1,00",CHICLETES POPCLETS TUTTI FRUTTI
567,"1,00",HAMBURGUER GRANEL FAROESTE CHURRASCO 56G UN
569,"1,00",REFRESCO TANG ABACAXI
615,"1,00",PIC SLUPOP LEITE CONDENSADO SLUP
703,"1,00",FRISCO MARACUJA SACHE 25G
719,"1,00",FRISCO CAJA SACHE 25G
720,"1,00",FRISCO UVA SACHE 25G
721,"1,00",FRISCO MORANGO/IOGURT SACHE 25G
738,"1,00",PIC SLUPOP AZUL  SLUP
775,"1,00",QUEIJO PETIT SUISSE ISINHO MORANGO 320 G
783,"1,00",FRISCO UVA SACHE 25G
792,"1,00",PICOLE SLUPOP FLOCOS SLUP
814,"1,00",REFRESCO TANG UVA 25GR
815,"1,00",REFRESCO TANG LARANJA 25GR
816,"1,00",REFRESCO TANG ABACAXI 25GR
820,"1,00",REFRESCO MARATA LARANJA 30G
821,"1,00",REFRESCO MARATA MORANGO 30G
841,"1,00",REFRESCO MARATA UVA 30G
842,"1,00",REFRESCO MARATA ACEROLA 30G
891,"1,00",REFRESCO MARATA CAJA 30G
936,"1,00",COLORIFICO KIM S/SAL 100G
950,"1,00",COLORIFICO D CLARA C/SAL 100G
954,"1,00",REFRESCO MARATA GUARANA 30G
987,"1,00",BEBIDA LACTEA ISIS MORANGO UN
995,"1,00",QUEIJO PETIT SUISSE ISINHO MORANGO UN
1028,"1,00",REFRESCO MARATA ABACAXI 30G
123,"1,25",KUAT PET MINI 250ML
256,"1,25",PIRULITO DIP LOKO NEON ENERGY COLA
257,"1,25",PIRULITO DIP LOKO NEON MONSTERS
397,"1,25",REFRIGERANTE DORINHO COLA 250ML
398,"1,25",REFRIGERANTE DORINHO LIMAO 250ML
399,"1,25",REFRIGERANTE DORINHO LARANJA 250ML
400,"1,25",REFRIGERANTE DORINHO UVA 250ML
545,"1,25",HAMBURGER AURORA 56G UN
572,"1,25",REFRIGERANTE INDAIA GUARANA 250ML
573,"1,25",REFRIGERANTE INDAIA COLA 250ML
574,"1,25",REFRIGERANTE INDAIA UVA 250ML
578,"1,25",REFRIGERANTE DORINHO GUARANA 250ML
658,"1,25",REFRESCO TANG LIMAO 25GR
702,"1,25",FRISCO LARANJA SACHE 25G
706,"1,25",BOMBOM LACTA SONHO DE VALSA UN
899,"1,25",FRISCO MORANGO SACHE 25G
933,"1,25",FRISCO MARACUJA SACHE 25G
939,"1,25",FRISCO UVA SACHE MP 25G
942,"1,25",FRISCO ABACAXI SACHE MP 25G
943,"1,25",FRISCO LARANJA SACHE MP25G
1032,"1,25",FRISCO MORANGO SACHE 25G
7,"1,50",AGUA MINERAL CRYSTAL S/GAS 500ML
30,"1,50",BRIGADEIRO PEQUENO UND
37,"1,50",BROA DE MILHO UND
52,"1,50",LANCHE DE MORTADELA
121,"1,50",FANTA LARANJ MINI PET 250ML
136,"1,50",CAFE COM LEITE
232,"1,50",TORTUGUITA LEITE/BAUN
235,"1,50",TORTUGUITA BRIGADEIRO
236,"1,50",CHICLETE MENTOS PURE FRESH
237,"1,50",CHICLETE MENTOS FRESH SPEARMINT
241,"1,50",CHICLETE DANCLETS TUTI FRUTTI
242,"1,50",CHICLETE MENTOS STRONG MINT
245,"1,50",PICOLE SLUPLIM PLIM CHICLETE
246,"1,50",PIC SLUPLIM PLIM CHOCOLATE ( SLUP )
255,"1,50",MENTOS FRESH MINT
354,"1,50",ACHOCOLATADO BETANIA KIDS 200ML
418,"1,50",SUCO NECTAR DE LARANJA MARATA 200ML
419,"1,50",SUCO NECTAR DE UVA MARATA 200ML
433,"1,50",CHICLETE TRIDENT MORANGO
441,"1,50",PASTILHA HALLS MENTOL
448,"1,50",SPRITE ORIG PET 250ML
544,"1,50",AGUA MINERAL S/GAS 500ML
562,"1,50",BOMBOM LACTA OURO BRANCO UN
608,"1,50",PASTILHA HALLS UVA VERDE
729,"1,50",HAMBURGER AURORA 56G
732,"1,50",HAMBURGUER GRANEL FAROESTE CHURRASCO 56G
840,"1,50",COCA ZERO PET 250ML
1103,"1,50",ACHOCOLATADO ITALAKINHO ITALAC 24X200ML
66,"1,60",AGUA MINERAL CRYSTAL C/GAS 500ML
278,"1,75",ACHOCOLATADO BOA VIDA 200ML
379,"1,75",FLOCAO DE MILHO DONA CLARA 500G
547,"1,75",MAIONESE FUGINI SACHET COM BICO 200G
580,"1,75",BARRA LACTA DIAMANTE NEGRO UN
581,"1,75",BARRA LACTA LAKA CHOCOLATE BRANCO UN
621,"1,75",MOLHO DE TOMATE TRADICIONAL SADIO 340G
624,"1,75",IOGURTE GREGO UN
712,"1,75",FLOCO MILHO CLARAMIL 500G
779,"1,75",MOLHO DE TOMATE TRAD FUGINI 300G
956,"1,75",DETERGENTE LAVA LOUCAS NEUTRO TOP CLEAR 500ML
1006,"1,75",IOGURTE GREGO BANDEJA UN
1060,"1,75",MOLHO DE TOMATE BONARE TRAD SACHET 300G
122,"1,79",FANTA UVA MINI PET 250ML
3,"2,00",COCA COLA PET250ML
28,"2,00",SONHO RECHEADO UND
55,"2,00",PAO COM OVO
90,"2,00",BEBIDA MISTA ISIS FRUTAS CITRICAS 350 ML
102,"2,00",PICOLE ACAI C/ BANANA ( SLUP )
106,"2,00",BEBIDA MISTA ISIS ACEROLA E LARANJA 350 ML
112,"2,00",BEBIDA MISTA ISIS FRUTAS CITRICAS ZERO 350 ML
124,"2,00",FANTA GUARANA PET MINI
165,"2,00",BEBIDA MISTA ISIS GUARANA E ACAI 350 ML
166,"2,00",MOLHO DE TOMATE PIZZA PRAMESA
188,"2,00",GALO QUENTE
196,"2,00",MINI SPRITE LIMÃO
197,"2,00",KAPO LARANJA 200ML
210,"2,00",BEBIDA MISTA ISIS UVA E MACA 350 ML
230,"2,00",MOLHO DE TOMATE TAMBAU
307,"2,00",TORRADA
316,"2,00",ADES CHOCOLATE 200ML
351,"2,00",SORVETE MINIMANIA SONHO DE VALSA SLUP
359,"2,00",LEITE FERMENTADO ISINHO
374,"2,00",BEBIDA FARINHA LACTEA 200ML
378,"2,00",POLIDOR DE ALUMINIO BRILAVY 500ML
382,"2,00",REFRIGERANTE SAO GERALDO CAJU PET 250ML
384,"2,00",REFRIGERANTE SAO GERALDO RETORNAVEL 200ML
414,"2,00",REFRIGERANTE SAO GERALDO CAJU PET 250ML
424,"2,00",REFRIGERANTE SAO GERALDO CAJU RETORNAVEL 200ML
431,"2,00",SORVETE MINIMANIA CHOCOLATE
440,"2,00",PASTILHA HALLS MORANGO
485,"2,00",PASTILHA HALLS EXTRA FORTE
495,"2,00",MOLHO DE TOMATE PIZZA SADIO
612,"2,00",BOMBOM LACTA 5 STAR 40 GR
619,"2,00",KAPO CAJU 200ML
664,"2,00",BEBIDA MISTA ISIS MACA E MORANGO 350 ML
676,"2,00",IOGURTE ACTIVIA LIQUIDO 150G AMEIXA
677,"2,00",IOGURTE ACTIVIA LIQUIDO 150G MORANGO
687,"2,00",IOGURTE DANONE LIQ PRECIFICADO 140G MORANGO
765,"2,00",BEBIDA MISTA ISIS MACA E MORANGO 350 ML
824,"2,00",BISCOITO OREO ORIGINAL RECHEADO 36GR
885,"2,00",BISCOITO OREO RECHEADO CHOCOLATE 36GR
998,"2,00",LEITE FERMENTADO ISINHO 110G
1001,"2,00",MENTOS SPEARMINT UN
1061,"2,00",DETERGENTE LAVA LOUCAS URCA NEUTRO 500ML
588,"2,19",KUAT LATA 350ML COLOR
175,"2,25",KAPO MORANGO 200ML
176,"2,25",KAPO UVA 200Ml
244,"2,25",ADES UVA 200ML
328,"2,25",PIC AO LEITE TAPIOCA  SLUP
329,"2,25",PIC AO LEITE MORANGO SLUP
330,"2,25",PIC AO LEITE CHOCOLATE SLUP
345,"2,25",PICOLE FRUTA CASTANHA SLUP
352,"2,25",PICOLE FRUTA LIMAO SLUP
391,"2,25",PICOLE FRUTA CAJA SLUP
451,"2,25",ADES LARANJA 200ML
548,"2,25",BOMBOM LACTA LANCY AVELA 30GR
662,"2,25",YOGI  LEVE MORANGO BETANIA 200G
744,"2,25",ADES MACA TP 200ML
754,"2,25",PICOLE FLOCKITO CREME SLUP
904,"2,25",FLOCAO MILHO D CLARA 500G
916,"2,25",SABONETE EVEN SUAVE FLOR DE PESSEGO 85G
1064,"2,25",COCA CAFE ESP COLOR SLEEK 220ML
1002,"2,35","BALA MENTOS FRUTAS 37,5G"
1066,"2,35",DOCES FRUIT MAST MOR VITA C
1067,"2,35",BALA MENTOS RAINBOW
53,"2,50",LANCHE C/ QUEIJO E PRESUNTO
61,"2,50",DEL VALE FRUT CITRUS 450ML
62,"2,50",DEL VALE FRUT UVA 450ML
84,"2,50",IOGURTE ISIS MORANGO 180 G
87,"2,50",COALHADA DESNATADA ISIS 150 G
93,"2,50",IOGURTE ISIS AMEIXA 180 G
94,"2,50",IOGURTE ISIS FRUTAS VERMELHAS 180 G
95,"2,50",IOGURTE ISIS SALADA FRUTAS 180 G
104,"2,50",PICOLE LIGHT CHOCOLATE ( SLUP )
108,"2,50",IOGURTE ISIS BANANA C/ MACA 180 G
109,"2,50",IOGURTE VIVA LEVE AMEIXA 180 G
110,"2,50",IOGURTE ISIS VIVA LEVE MORANGO 180 G
115,"2,50",BOLACHA COMUM
179,"2,50",SUCO 1L SABORES
207,"2,50",IOGURTE GREGO 180 G
216,"2,50",SORV MINIMANIA MORANGO
305,"2,50",CACHORRO QUENTE
482,"2,50",BISCOITO LACTA BIS XTRA CHOC AO LEITE
490,"2,50",AGUA MINERAL CRYSTAL BR C/GAS 500ML
538,"2,50",REFRIGERANTE SAO GERALDO CAJU PET 250ML
607,"2,50",BISCOITO LACTA BIS XTRA OREO 45
713,"2,50",FLOCAO MILHO D CLARA ALMOFADA 500G
762,"2,50",BEBIDA MISTA ISIS ACEROLA E LARANJA 350 ML
763,"2,50",BEBIDA MISTA ISIS FRUTAS CITRICAS 350 ML
764,"2,50",BEBIDA MISTA ISIS UVA E MACA 350 ML
781,"2,50",BEBIDA MISTA ISIS FRUTAS CITRICAS ZERO 350 ML
797,"2,50",MAIONESE FUGINI TRADICIONAL SACHET 200G
798,"2,50",KETCHUP FUGINI TRADICIONAL SACHET 180G
889,"2,50",BOMBOM WAFER RECHEADO OURO BRANCO 25G
901,"2,50",BOMBOM WAFER RECHEADO SONHO DE VALSA 25G
955,"2,50",EXTRATO DE TOMATE BONARE TRAD SACHET 300G
966,"2,50",SCHW COLOR CLUB SODA LT 350ML
1011,"2,50",BEBIDA MISTA ISIS FRUTAS CITRICAS 350 ML
1012,"2,50",BEBIDA MISTA ISIS FRUTAS CITRICAS ZERO 350 ML
1018,"2,50",BEBIDA MISTA ISIS GUARANA E ACAI 350 ML
1019,"2,50",BEBIDA MISTA ISIS ACEROLA E LARANJA 350 ML
1041,"2,50",BEBIDA MISTA ISIS UVA E MACA 350 ML
1059,"2,50",SABONETE EVEN SUAVE BUQUE DE ROSAS 85G
1062,"2,50",CREME CULINARIO DAMARE 200G
267,"2,59", FANTA UVA LATA 350ML
611,"2,59",SPRITE LATA 350ML
103,"2,75",PICOLE LIGHT NATA MORANGO ( SLUP )
270,"2,75",PIC ACAI SLUP
458,"2,75",DEL VALE FRUT LARANJA 450ML
466,"2,75",BOL AMANTEIGADA JUCURUTU 250G
468,"2,75",DEL VALE FRUT UVA 450ML
486,"2,75",PICOLE ACAI C/ NINHO ( SLUP )
835,"2,75",KUAT KS 290ML
862,"2,75",IOGURTE ISIS MORANGO 170 G
866,"2,75",IOGURTE ISIS FRUTAS VERMELHAS 170 G
867,"2,75",IOGURTE ISIS SALADA FRUTAS 170 G
874,"2,75",IOGURTE ISIS AMEIXA 170 G
875,"2,75",IOGURTE ISIS BANANA C/ MACA 170 G
922,"2,75",CANJICA D CLARA MUGUNZA 500G
986,"2,75",IOGURTE ISIS MORANGO 170 G
1007,"2,75",IOGURTE ISIS BANANA C/ MACA 170 G
1008,"2,75",IOGURTE ISIS SALADA FRUTAS 170 G
1040,"2,75",IOGURTE ISIS AMEIXA 170 G
1044,"2,75",IOGURTE ISIS FRUTAS VERMELHAS 170 G
1053,"2,75",COCO RALADO UMIDO E ADOCADO 50G
119,"2,79",FANTA LARANJA LATA 350ML
269,"2,79",COCA COLA ZERO LATA 350ML
884,"2,79",COCA SEM ACUCAR COLOR LATA 350ML
2,"3,00",COCA COLA LATA SINGLE
8,"3,00","AGUA MINERAL CRYSTAL S/GAS 1,5L"
26,"3,00",SALGADO UND SABORES
64,"3,00","DEL VALE FSH LAR PET 1,5L"
85,"3,00",IOGURTE LARANJA CENOURA E MEL ISIS 150 G
86,"3,00",COALHADA INTEGRAL ISIS 150 G
105,"3,00",IOGURTE NATURAL PARCIALMENTE DESNATADO ISIS 150 G
120,"3,00",KUAT LATA 350ML
268,"3,00",SPRITE LATA 350ML
304,"3,00",TAPIOCA MANTEIGA
321,"3,00",MOLHO DE TOMATE TAMBAU BOLONHESA
415,"3,00",CAFE MARATA SOLUVEL GRANULADO TRADICIONAL REFIL 5OG
425,"3,00",FILTRO PAPEL 102 MARATA 30 UND
434,"3,00",CHICLETE TRIDENT MENTA VERDE
435,"3,00",CHICLETE TRIDENT HORTELA MENTA
444,"3,00",PICOLE NAPOLITANO SLUP
465,"3,00",BOL KIDELICIA JUCURUTU 250G
467,"3,00",COCA-COLA KS 290ML
473,"3,00",LEITE PASTEURIZADO INTEGRAL 1L
499,"3,00",SCHWEPPES COLOR TONICA LATA 350ML
635,"3,00",LEAO ICETEA FZ LIM 300ML - COCA COLA
636,"3,00",LEAO ICETEA FZ PES 300ML - COCA COLA
700,"3,00",CAFE SOLUVEL KIMIMO GRAN REFIL 50G
743,"3,00",ADES UVA TP 200ML
782,"3,00",FANTA MISTERIO LATA 350ML
785,"3,00",ADES MORANGO  200ML
822,"3,00",DEL VALE  FRUTCIT 450ML
827,"3,00",ADES LARANJA  200ML
834,"3,00",COCA SEM ACUCAR KS 290ML
858,"3,00",DUETO FUGINI EM CONSERVA SACHET 170G
864,"3,00",BISCOITO LACTA BIS XTRA OREO 45GR
871,"3,00",FANTA LARANJA COLOR LATA 350ML
873,"3,00",IOGURTE VIVA LEVE MORANGO 170 G
886,"3,00",IOGURTE VIVA LEVE AMEIXA 170 G
892,"3,00",APARELHO DE BARBEAR FLEXOR AZUL
944,"3,00",GOMA MASCAR TRIDENT MENTA 8GR
972,"3,00",GOMA MASCAR TRIDENT FRESH INTENSE 5 UN
1000,"3,00",COCA SEM ACUCAR TRANSFORMACAO  310ML
1014,"3,00",COALHADA DESNATADA ISIS 150 G
1022,"3,00",COALHADA INTEGRAL ISIS 150 G
1042,"3,00",IOGURTE LARANJA CENOURA E MEL ISIS 150 G
1043,"3,00",IOGURTE NATURAL PARCIALMENTE DESNATADO ISIS 150 G
1063,"3,00",SCHWEPPES COLOR TONICA SA 350ML
838,"3,19",SCHW COLOR GINGER ALE COCA COCA LT 350ML
215,"3,25",SORV SLUP MANIA BRIGADEIRO
336,"3,25",SORV SLUP MANIA NAPOLITANO
369,"3,25",SCHWEPPES CITRUS COCA COLA LATA
464,"3,25",BOL QUADRADA JUCURUTU 250G
478,"3,25",FERMENTO EM PO ROYAL
552,"3,25",BISCOITO BELVITA CACAU CEREAIS 25GR
555,"3,25",BISCOITO BELVITA AVELA E CACAU 25GR
566,"3,25",BOLACHA MANTEIGUINHA JUCURUTU  220G
717,"3,25",FILTRO PAPEL 40X30UN
722,"3,25",CREME DE LEITE BETA 200G
749,"3,25",MAIONESE ODERICH BISNAGA 170G
897,"3,25",AMIDO MILHO KIM 200G
57,"3,50",FANTA LAR LS
70,"3,50",BEBIDA LACTEA ISIS GOIABA 1000 G
164,"3,50",IOGURTE FRUTISIS MORANGO 150 G
275,"3,50",BISCOIT0 MAISENA JUCURUTU
332,"3,50",PICOLE COBERTURA BRIGADEIRO  SLUP
535,"3,50",BISCOITO MINI OREO ORIGINAL RECHEADO
540,"3,50","AGUA CRYSTAL SEM GAS 1,5L"
542,"3,50",ROSQUINHA LEITE JUCURUTU PCT 300GR
543,"3,50",ROSQUINHA CHOCOLATE JUCURUTU PCT 300GR
605,"3,50",BISCOITO OREO RECHEADO BAUNILHA 90GR
616,"3,50",AMSTEL LT 350ML
715,"3,50",CANJICA D CLARA MUGUNZA 500G
716,"3,50",FILTRO PAPEL 8X5X30UN
806,"3,50",COLORIFICO D CLARA C/SAL 500G
826,"3,50",SPRITE FRESH LIMAO PET 510ML
868,"3,50",DEL VALE MAIS NEC PES LT 290ML
894,"3,50",CAFE SOLUVEL SANTA CLARA EXTRA FORTE REF 40G
935,"3,50",DEL VALE MAIS NEC UVA LATA 290ML
1009,"3,50",IOGURTE VIVA LEVE MORANGO 170 G
512,"3,75",KUAT PET 1L
539,"3,75",FILTRO PAPEL 04 MARATA 40UND
553,"3,75",BISCOITO LACTA COOKIES AO LEITE 80GR
554,"3,75",BISCOITO LACTA COOKIES DIAMANTE NEGRO 80GR
586,"3,75",SORVETE TORNADO MORANGO SLUP
665,"3,75",CREME DE LEITE BETA ZERO LACTOSE 200G
800,"3,75",BISCOITO LACTA BIS XTRA AO LEITE 45gr
918,"3,75",DUETO BONARE LATA 170G
923,"3,75",COLORIFICO D CLARA C/SAL 500G
926,"3,75",CAFE SOLUVEL  GRAN EF REFIL 40G
945,"3,75",BISCOITO TRAKINAS RECHEADO CHOCOLATE 126GR
946,"3,75",BISCOITO TRAKINAS RECHEADO MORANGO 26GR
947,"3,75",BISCOITO TRAKINAS RECHEADO MEIO A MEIO CHOC/BCO 126 G
948,"3,75",BISCOITO TRAKINAS RECHEADO TORTA LIMAO 126 GR
949,"3,75",AMIDO MILHO KIM 200G
985,"3,75",IOGURTE FRUTISIS MORANGO 150 G
748,"3,90",MARGARINA PRIMOR 250G
31,"4,00",PIZZA / TORTA FATIA UND
56,"4,00",COCA-COLA LS
65,"4,00",AQUARIUS FRESH LIMAO 510ML
101,"4,00",SORVETE TORNADO BRIGADEIRO ( SLUP )
107,"4,00",SUCO COPO SABORES
190,"4,00",SORV SUNDAE CHOCOLATE ( SLUP )
191,"4,00",SORV SUNDAE MORANGO ( SLUP )
223,"4,00",BROA PRETA PC
225,"4,00",LEITE DE COCO ISIS 200 ML
271,"4,00",IOGURTE ISIS GOIABA 480 G
383,"4,00",REFRIGERANTE SAO GERALDO CAJU RETORNAVEL 600ML
420,"4,00",REFRIGERANTE SAO GERALDO CAJU RETORNAVEL 600ML
558,"4,00",SORV TORNADO FLOCOS SLUP
571,"4,00",CHICLETE TRIDENT X XBOX GAME PASS
630,"4,00",FILTRO PAPEL 103 MARATA 30UND
660,"4,00",CHICLETE TRIDENT X SENSES BLUEBERRY LIMAO 14UN
688,"4,00",QUEIJO RALADO NATURAL DA VACA 50G
718,"4,00",CHOCOLATTO 3C REFFIL 200G
776,"4,00",REFRIGERANTE INDAIA GUARANA 2L
777,"4,00",REFRIGERANTE INDAIA COLA 2L
778,"4,00",REFRIGERANTE INDAIA LARANJA 2L
780,"4,00",CERVEJA TIGER LT 350ML
796,"4,00",MARGARINA PURO SABOR 250G
857,"4,00",CREME DE LEITE ITALAC 200G
898,"4,00",FILTRO PAPEL 3C 103/30 RED DES 40X30UN
928,"4,00",FILTRO PAP SC 103/30 RED DES 40X30UN
929,"4,00",CAFE SOLUVEL KIM GRAN REF 50G
938,"4,00",CHOCOLATTO 3C REF 5S 200G
941,"4,00",FILTRO PAP SC 102/30 RED DES 40X30UN
1029,"4,00",MILHO VERDE BONARE LATA 170G UN
395,"4,25",COCA COLA LS 1L C/ VASILHAME
396,"4,25",FANTA LAR 1L C/ VASILHAME
484,"4,25",BISCOITO CLUB SOCIAL CROSTINI ORIGINAL
511,"4,25",FANTA LARANJA PET 1L
534,"4,25",BISCOITO CLUB SOCIAL CROSTINI QUEIJO PARMESAO
628,"4,25",BISCOITO CLUB SOCIAL CROSTINI TOMATE SECO
73,"4,50",BEBIDA LACTEA ISIS SALADA DE FRUTAS 1000 G
74,"4,50",BEBIDA LACTEA ISIS BANANA C/ MACA 1000 G
91,"4,50",BEBIDA MISTA ISIS ACEROLA E LARANJA 1000 ML
92,"4,50",BEBIDA MISTA ISIS FRUTAS CITRICAS ZERO 1000 ML
128,"4,50",BEBIDA MISTA ISIS FRUTAS CITRICAS 1000 ML
160,"4,50",BEBIDA MISTA ISIS GUARANA E ACAI 1000 ML
177,"4,50","DEL VALE FRUT CIT PUN 1,5L"
192,"4,50",PIC DELIRIUM ( SLUP )
194,"4,50",DEL VALE FSH LIM PET 1.5L
195,"4,50",DEL VALE FRUT UVA 1.5L
211,"4,50",BEBIDA MISTA ISIS UVA E MACA 1000 ML
323,"4,50",DEL VALE GOIBABA PET 1L
324,"4,50",DEL VALE PESSEGO 1L
416,"4,50",SUCO NECTAR DE LARANJA MARATA 1LT
421,"4,50",SUCO NECTAR DE MARACUJA MARATA 1LT
422,"4,50",SUCO NECTAR DE CAJU MARATA 1LT
423,"4,50",SUCO NECTAR DE CAJA MARATA 1LT
479,"4,50",BISCOITO OREO RECHEADO ORIGINAL 90G
507,"4,50",PICOLE DUO MARACUJA C/ CHOCOLATE  SLUP
532,"4,50",BISC. OREO RECHEADO CHOCOLATE 90GR
659,"4,50",BISCOITO OREO RECHEADO MILKSHAKE 90GR
669,"4,50",BEBIDA MISTA ISIS MACA E MORANGO 1000 ML
697,"4,50",CAFE SOLUVEL GRAN CLASSICO REFIL 50G
746,"4,50",BEBIDA LACTEA BETANIA MORANGO BAT GUT 900G
750,"4,50",KETCHUP FUGINI TRADICIONAL 200G
766,"4,50",BEBIDA MISTA ISIS GUARANA E ACAI 1000 ML
767,"4,50",BEBIDA MISTA ISIS ACEROLA E LARANJA 1000 ML
768,"4,50",BEBIDA MISTA ISIS FRUTAS CITRICAS 1000 ML
769,"4,50",BEBIDA MISTA ISIS UVA E MACA 1000 ML
770,"4,50",BEBIDA MISTA ISIS MACA E MORANGO 1000 ML
771,"4,50",BEBIDA MISTA ISIS FRUTAS CITRICAS ZERO 1000 ML
846,"4,50",BOLACHA AMANTEIGADA 250G
927,"4,50",CAFE SOLUVEL GRAN CLAS REF 50G
992,"4,50",BEBIDA MISTA ISIS GUARANA E ACAI 1000 ML
993,"4,50",BEBIDA MISTA ISIS UVA E MACA 1000 ML
1013,"4,50",BEBIDA MISTA ISIS FRUTAS CITRICAS 1000 ML
1020,"4,50",BEBIDA MISTA ISIS ACEROLA E LARANJA 1000 ML
1021,"4,50",BEBIDA MISTA ISIS FRUTAS CITRICAS ZERO 1000 ML
69,"4,75",BEBIDA LACTEA ISIS AMEIXA 1000 G
71,"4,75",BEBIDA LACTEA ISIS GRAVIOLA 1000 G
9,"5,00",SIMBA LARANJA 2L
10,"5,00",SIMBA GUARANA 2L
34,"5,00",PAMONHA UND
35,"5,00",CANJICA UND
54,"5,00",LANCHE MISTO COMPLETO
58,"5,00",COCA-COLA PET 1L
72,"5,00",BEBIDA LACTEA ISIS MORANGO 1000 G
116,"5,00",PAO DE FORMA
212,"5,00",BURN MONSTER COCA COLA 260ML
273,"5,00",RAIVINHA  JUCURUTU
303,"5,00",TAPIOCA CARNE/FRANGO
306,"5,00",CACHORRO QUENTE COMPLETO
310,"5,00",CUSCUZ PORÇÃO
340,"5,00",PICOLE KING CLASSICO SLUP
380,"5,00",REFRIGERANTE SAO GERALDO CAJU PET 1LT
390,"5,00",BISCOITO TARECO JUCURUTU
412,"5,00",REFRIGERANTE SAO GERALDO CAJU PET 1LT
417,"5,00",SUCO NECTAR DE UVA MARATA 1LT
447,"5,00",FANTA LARANJA PET 1.5L
450,"5,00",DEL VALE FRUT LARANJA 1.5L
470,"5,00",DEL VALE FRUT UVA 1.5L
471,"5,00",REQUEIJAO CREMOSO 200g
472,"5,00",REQUEIJAO LIGHT 200G
481,"5,00",BISCOITO CLUB SOCIAL PIZZA
557,"5,00",REFRIGERANTE SAO GERALDO CAJU RETORNAVEL 600ML
570,"5,00",BISCOITO CLUB SOCIAL PRESUNTO
714,"5,00",MILHO PIPOCA KIM PULA PULA 500G
727,"5,00",QUEIJO PARMESAO RALADO ISIS 50G
733,"5,00",PICOLE KING CHOCOLATE  BRANCO SLUP
813,"5,00",QUEIJO PARMESAO RALADO ISIS 50G
817,"5,00",DEL VAL FRU FRUTCIT 1.5L
825,"5,00",BISCOITO CLUB SOCIAL QUEIJO
828,"5,00",KUAT PET 1.5L
854,"5,00",BISCOITO CLUB SOCIAL CEBOLA COM SOURCREAM
855,"5,00",CERVEJA PILSEINLT 350ML SLEEK CART
869,"5,00",POWERADE MOUNTAIN BLAST
887,"5,00",POWERADE LAR COCA COLA  500ML
888,"5,00",BEBIDA LACTEA ISIS BANANA C/ MACA 900 G
890,"5,00",BEBIDA LACTEA ISIS SALADA DE FRUTAS 900 G
914,"5,00",BEBIDA LACTEA ISIS AMEIXA 900 G
920,"5,00",BEBIDA LACTEA ISIS MORANGO 900 G
965,"5,00",BEBIDA LACTEA ISIS GRAVIOLA 900 G
988,"5,00",BEBIDA LACTEA ISIS AMEIXA 900 G
989,"5,00",BEBIDA LACTEA ISIS BANANA C/ MACA 900 G
990,"5,00",BEBIDA LACTEA ISIS MORANGO 900 G
991,"5,00",BEBIDA LACTEA ISIS SALADA DE FRUTAS 900 G
1045,"5,00",BEBIDA LACTEA ISIS GRAVIOLA 900 G
117,"5,50",PAO DE FORMA INTEGRAL
217,"5,50",SORV SLUP COPAO NAPOLITANO 400ML ( SLUP )
274,"5,50",BOLACHA MANTEIGA DO SERTÃO JUCURUTU
331,"5,50",SORV SLUP COPAO BRIGADEIRO 400ML SLUP
408,"5,50",LEITE UHT INTEGRAL BETANIA 1L
462,"5,50",BISCOITO PALITO JUCURUTU 300G
531,"5,50",BISCOITO LACTA BIS LAKA CHOCOLATE BRANCO
536,"5,50",BISCOITO LACTA BIS BLACK
559,"5,50",LEITE UHT DESNT EDGE BETANIA 1L
583,"5,50",BISCOITO OREO RECHEADO CHOCOLATE PCT 144G
856,"5,50",COCA SEM ACUCAR PET 1.5L
163,"5,75",IOGURTE ISIS AMEIXA 480 G
723,"5,75",LEITE CONDENSADO BETA 395G
67,"6,00",IOGURTE ISIS BANANA C/ MACA 480 G
68,"6,00",IOGURTE ISIS MORANGO 480 G
126,"6,00",KUAT PET 2L
135,"6,00",BOLO DE CENOURA PEQUENO
138,"6,00",IOGURTE ISIS SALADA FRUTAS 480 G
149,"6,00","COCA-COLA PET 1,5l"
302,"6,00",TAPIOCA RECHEADA
463,"6,00",BOLACHA FAMILIA JUCURUTU 400G
680,"6,00",REQUEIJAO TIROLEZ 200G
982,"6,00",IOGURTE ISIS AMEIXA 480 G
983,"6,00",IOGURTE ISIS MORANGO 480 G
1004,"6,00",IOGURTE ISIS BANANA C/ MACA 480 G
1005,"6,00",IOGURTE ISIS SALADA FRUTAS 480 G
1015,"6,00",QUEIJO PARMESAO RALADO ISIS 50G
661,"6,25",ACHOCOLATADO UHT BETANIA 1000ML EDGE
125,"6,29",FANTA UVA PET 2 LT
742,"6,29",SPRITE LIMAO PET 2L
5,"6,50",FANTA LARANJA PET 2L
272,"6,50",BOLACHA MARAGOGI JUCURUTU
452,"6,50",LEITE EM PO BETANIA 200G
480,"6,50",BISCOITO CLUB SOCIAL ORIGINAL
483,"6,50",BISCOITO CLUB SOCIAL INTEGRAL
528,"6,50",REFRIGERANTE SAO GERALDO CAJU PET 1LT
550,"6,50",BISCOITO CLUB SOCIAL RECHEADO INTEGRAL REQUEIJAO
551,"6,50",BISCOITO CLUB SOCIAL RECH QJO/TOMATE/MANJERICA
752,"6,50",BEBIDA LACT 3C CAPP CLASSIC PET 260ML
807,"6,50",BEBIDA LACTEA SANTA CLARA CHOCOLATE 260ML
895,"6,50",BEBIDA LACTIA SANTA CLARA CAPP CHOC PET 260ML
896,"6,50",BEBIDA LACTIA SANTA CLARA CAPP CLASSIC PET 260ML
1010,"6,50",LEITE DE COCO ISIS 200 ML
1046,"6,50",QUEIJO PARMESAO RALADO ISIS 50G
530,"6,75",BISCOITO LACTA BIS CHOCOLATE AO LEITE
663,"6,75",IOGURTE LACISIS AMEIXA 480 G
819,"6,75",MARGARINA PRIMOR 500G
12,"7,00",BOLO LARANJA PEQUENO
14,"7,00",BOLO MESCLADO PEQUENO
18,"7,00",BOLO FORMIGUEIRO PEQUENO
59,"7,00",COCA COLA PET 2L RET
78,"7,00",REQUEIJAO ISIS CHEDDAR 200 G
79,"7,00",REQUEIJAO ISIS LIGHT 200 G
80,"7,00",REQUEIJAO ISIS TRADICIONAL 200 G
83,"7,00",SOPA
113,"7,00",BANDEJA DE OVOS
159,"7,00",CREME 200G ACAI TRADICIONAL( SLUP )
446,"7,00",IOGURTE LACISIS MORANGO 480 G
563,"7,00",TABLETE LACTA CACAU INTENSO E MACIO 85 GR
584,"7,00",ADES UVA 1L
585,"7,00",ADES LARANJA 1L
623,"7,00",ADES MACA TP 1L
863,"7,00",TABLETE LACTA CHOCOLATE AO LEITE 90GR
930,"7,00",BEBIDA LACT 3C CAPP CHOC PET 260ML
931,"7,00",BEBIDA LACT 3C CAPP CLASSIC PET 260ML
1056,"7,00",BEBIDA LACT SC CAPP CHOC PET 260ML
1057,"7,00",BEBIDA LACT SC CAPP CLASSIC PET 260ML
6,"7,50",ADES LARANJA 1LT
63,"7,50",ADES UVA 1L
81,"7,50",REQUEIJAO LACISIS 200 G
694,"7,50",ADES UVA TP 1L
900,"7,50",ADES MORANGO TP 1L
996,"7,50",REQUEIJAO ISIS LIGHT 200 G
997,"7,50",REQUEIJAO ISIS TRADICIONAL 200 G
360,"7,75",MONSTER MANGO LOCO COCA COLA 473ML
522,"7,75",MONSTER ABS ZERO 473ML
606,"7,75",BISCOITO LACTA BIS OREO
836,"7,99",ADES ORIGINAL TP 1L
19,"8,00",BOLO PAO DE LO PEQUENO
88,"8,00",RICOTA CREMOSA ISIS 250 G
99,"8,00",SALSICHA HOT DOG LEBON KG
189,"8,00",DOCE DE LEITE CREMOSO ISIS 300 G
311,"8,00",CUSCUS COMPLETO
381,"8,00",REFRIGERANTE SAO GERALDO CAJU PET 2LT
385,"8,00",SPRITE PET 2L
413,"8,00",REFRIGERANTE SAO GERALDO CAJU PET 2LT
533,"8,00",BISCOITO OREO ORIGINAL RECHEADO
684,"8,00",LEITE DE COCO ISIS 500 ML
915,"8,00",MARGARINA PURO SABOR 500G
932,"8,00",CHOCOLATTO 3C LATA 370G
905,"8,25",CAFE BANGU ALMOFADA 250G
141,"8,50",MORTADELA DE FRANGO LEBON
167,"8,50",MORTADELA LEBON C-CUBOS DE TOUCINHO
183,"8,50",MORTADELA LEBON
253,"8,50",MORTADELA DE FRANGO FRIATO
405,"8,50",MORTADELA FRANGO SEARA KG
410,"8,50",COCA COLA ZERO PET 2L
494,"8,50",SALSICHA MANA KG
515,"8,50",MORTADELA MISTA PERD KG
541,"8,50",MORTADELA DE FRANGO PIONEIRO KG
994,"8,50",RICOTA CREMOSA ISIS 250 G
1023,"8,50",REQUEIJAO LACISIS 200 G
1024,"8,50",DOCE DE LEITE CREMOSO ISIS 300 G
1058,"8,50",REQUEIJAO ISIS CHEDDAR 200 G
701,"8,75",CAFE BANGU ALMOFADA 250G
844,"8,75",BIS LACTA CHOC AO LEITE 378G
845,"8,75",BIS LACTA CHOC BRANCO 378GR
1031,"8,75",CAFE KIMIMO ALM 250G
4,"9,00",COCA-COLA PET 2L
142,"9,00",FILE DE PEITO DE FRANGO
411,"9,00",DOCE DE LEITE CREMOSO ISIS C/ COCO 400 G
734,"9,00",LEITE FERMENTADO ISINHO 500 G
934,"9,00",DOCE DE LEITE CREMOSO ISIS C/ AMEIXA 400 G
953,"9,00",ADES LARANJA TP 1L
1030,"9,00",CAFE SANTA CLARA EXTRA FORTE 250G
213,"9,45",SORV 01L SLUPOTAO FLOCOS
218,"9,45",SORV 01L SLUPOTAO NAPOLITANO
219,"9,45",SORV 01L SLUPOTAO CREME COM PASSAS
220,"9,45",SORV 01L SLUPOTAO BRIGADEIRO
221,"9,45",SORV 01L SLUPOTAO SONHO DE VALSA
337,"9,45",SORV 01L SLUPOTAO NATA GOIABA
344,"9,45",SORVETE 01L SLUPOTAO MORANGO
60,"9,50",MONSTER ENERGY COCA COLA 473ML
89,"9,50",DOCE DE LEITE CREMOSO ISIS 400 G
301,"9,50",NATA C/ SAL ISIS 250 G
699,"9,50",CAFE KIMIMO ALMOFADA 250G
843,"9,50",MONSTER ULTRA LT 473ML
872,"9,50",MONSTER DRAGON ICE TEA LT 473ML
893,"9,50",CAFE SANTA CLARA EXTRA FORTE ALM 250G
921,"9,50",CAFE SANTA CLARA CLASSICO ALMOFADA 250G
970,"9,50",MONSTER MELAN LT 473ML
1017,"9,50",NATA C/ SAL ISIS 250 G
1025,"9,50",DOCE DE LEITE CREMOSO ISIS 400 G
1026,"9,50",DOCE DE LEITE CREMOSO ISIS C/ COCO 400 G
1027,"9,50",DOCE DE LEITE CREMOSO ISIS C/ AMEIXA 400 G
937,"9,75",BEBIDA LACT 3C CAPP WHEY PET 260ML
1069,"9,75",QUEIJO MUSSARELA ISIS FATIADO 150 G
21,"10,00",BOLO FORMIGUEIRO GRANDE
22,"10,00",BOLO MESCLADO GRANDE
24,"10,00",BOLO DE LARANJA GRANDE
114,"10,00",BOLO PUDIM
184,"10,00",MORTADELA SADIA KG
193,"10,00",MORTADELA FRANGO PERDIGÃO KG
243,"10,00",MORTADELA MISTA PERDIGAO KG
250,"10,00",SALSICHA HOT DOG KG
280,"10,00",MORTADELA FRANGO SADIA
342,"10,00",BOLO DE LEITE KG
407,"10,00",MORTADELA MISTA SADIA KG
454,"10,00",MORTADELA FRANGO SADIA KG
576,"10,00",SUI IND MORTADELA AURORA KG
678,"10,00",IOGURTE ACTIVIA LIQUIDO 850G AMEIXA
679,"10,00",IOGURTE ACTIVIA LIQUIDO 850G MORANGO
693,"10,00",IOGURTE ACTIVIA LIQUIDO 850G AVEIA
696,"10,00",CAFE SANTA CLARA CLASSICO ALMOFADA 250G
751,"10,00",SUI IND MORTADELA PEPERI KG
325,"10,50",IOGURTE ISIS MORANGO 900 G
529,"10,50",REFRIGERANTE SAO GERALDO CAJU PET 2L
577,"10,50",IOGURTE ISIS BANANA C/ MACA 900 G
613,"10,50",IOGURTE ISIS FRUTAS VERMELHAS 900 G
622,"10,50",IOGURTE ISIS AMEIXA 900 G
984,"10,50",IOGURTE ISIS MORANGO 900 G
1016,"10,50",IOGURTE ISIS LIGHT AMEIXA 900 G
1039,"10,50",IOGURTE ISIS BANANA C/ MACA 900 G
82,"11,00",LEITE FERMENTADO ISINHO
127,"11,00",MANTEIGA ISIS C/ SAL 200 G
134,"11,00",SALSICHA HOTDOG ESTRELA KG
708,"11,00",IOGURTE ISIS LIGHT AMEIXA 900 G
812,"11,00",SALSICHA FGO FRIATO KG
496,"11,50",MORTADELA DE FRANGO AURORA KG
514,"11,50",MORTADELA FRANGO PERD KG
789,"11,50",MORTADELA FGO SADIA KG
790,"11,50",MORTADELA MISTA PERDIGAO KG
20,"12,00",BOLO AIPIM GRANDE
23,"12,00",BOLO DE LEITE GRANDE
146,"12,00",SALSICHA HOTDOG AVIVAR KG
279,"12,00",BISCOITOS VARIADOS
282,"12,00",CAFE DA MANHA SERVICE
326,"12,00",MANTEIGA DA TERRA G
389,"12,00",FILE CG IND SOMAVE CX18KG
707,"12,00",IOGURTE VIVA LEVE MORANGO 900 G
786,"12,00",SALSICHA HOT DOG FRIATO KG
902,"12,00",MORTADELA DE FRANGO KG
1052,"12,00",LEITE DE COCO ISIS 500 ML
1051,"12,50",IOGURTE VIVA LEVE AMEIXA 900 G
582,"13,00",BOMBOM LACTA BRAND MIX GRANDES SUCESSOS 2506 GR CAIXA
1003,"13,00",MANTEIGA ISIS C/ SAL 200 G
1048,"13,00",IOGURTE VIVA LEVE MORANGO 900 G
489,"14,00",FILE DE PEITO CG FRIATO ENVELOPADO CX20KG
799,"14,00",MORTADELA FRANGO PERDIGAO KG
346,"14,99","SORVETE 1,5L ABACAXI AO VINHO SLUP"
347,"14,99","SORVETE 1,5L BARILOCHE SLUP"
348,"14,99","SORVETE 1,5L CHICLETE C/ BANANA SLUP"
349,"14,99","SORVETE 1,5L AMORANGADO SLUP"
350,"14,99","SORVETE 1,5L QUATRO LEITES SLUP"
25,"15,00",PUDIM DE LEITE
39,"15,00",BOLO BATATA DOCE KG
40,"15,00",BOLO INTEGRAL KG
42,"15,00",BOLO MANDIOCA KG
48,"15,00",BOLACHA SALGADA KG
49,"15,00",PAO DE LEITE KG
202,"15,00",LANCHE DE FRANGO WILSON
205,"15,00",LINGUICA T CALABRESA COOPAVEL COZEDEF 25KG 20KGCX
209,"15,00",FILE DE PEITO DE FRANGO GRANJEIRO
222,"15,00",BOLO DE MILHO KG
341,"15,00",BOLO BOM BOCADO KG
805,"15,00",CAFE CAPPUCCINO SANTA CLARA CLAS POTE 200G
505,"15,99",SORVETE 02LT DELICIA DE MORANGO SLUP
501,"16,75",CREME 01L ACAI C/ MORANGO SLUP
508,"16,75",CREME 01L MORANGO SLUP
97,"17,00",LINGUICA CALAB. LEBON KG
131,"17,00",LINGUICA CALABRESA COZ RETA FRIMESA PCT3KG CX12KG
158,"17,00",CREME 01L ACAI TRADICIONAL SLUP
614,"17,00",SORVETE 02LT CHOCOTONE SLUP
690,"17,00",SORVETE 02LT TRES CHOCOLATES (SLUP
500,"17,99",CREME 01L ACAI ZERO ACUCAR SLUP
129,"18,00",FILE DE PEITO CONG ENV CX20KG AVIVAR
147,"18,00",LINGUICA CALABRESA REZENDE PCT25KG CX15KG
148,"18,00",FILE DE FRANGO CONG JAGUA CX20KG
182,"18,00",LINGUICA CALABRESA RETA SEARA 25KG
427,"18,00",LANCHE MISTO SAUDALI KG
214,"18,99",SORV 02LT PAO DE MEL (SLUP)
333,"18,99",SORV 02LT BRIGADEIRO SLUP
334,"18,99",SORV 02LT MORANGO SLUP
335,"18,99",SORV 02LT NAPOLITANO SLUP
428,"18,99",SORV 02LT IMPACTO (SLUP)
429,"18,99",SORVETE 02LT SONHO DE VALSA (SLUP)
430,"18,99",SORVETE 02LT FLOCOS (SLUP)
432,"18,99",SORVETE 02LT PAVE (SLUP)
502,"18,99",SORVETE 02LT SLUPMALTINE SLUP
503,"18,99",SORVETE 02LT CHOKSLUP SLUP
504,"18,99",SORVETE 02LT DELICIA DE ABACAXI SLUP
506,"18,99",SORVETE 02LT TORTA ALEMA SLUP
509,"18,99",SORVETE 02LT NATA-GOIABA SLUP
510,"18,99",SORVETE 02LT PASSAS SLUP
753,"18,99",SORVETE 02LT NATA-UVA SLUP
204,"19,00",FILE DE FRANGO CONG SADIA CX20KG
32,"20,00",PIZZA G COMPLETA
36,"20,00",TORTA SALGADA SABORES KG
38,"20,00",BOLO DELICIA KG
45,"20,00",BISCOITOS SABORES KG
47,"20,00",BOLACHA 7 CAPAS KG
51,"20,00",TORRADA CROCANTE MANTEIGA KG
100,"20,00",LANCHE BRUSTER LEBON KG
145,"20,00",LANCHE MISTO QUADRADO LEBON
524,"20,00",LANCHE DE FRANGO FRIATO KG
610,"20,00",MORTADELA DEFUMADA AURORA KG
638,"20,00",LANCHE PERDIGAO KG
668,"20,00",LANCHE AFIAMBRADO ESTRELA KG
186,"22,00",FILE DE PEITO DE FRANGO
474,"22,00",LINGUICA TIPO CALABRESA FRIGOALPHA KG
745,"22,00",FILEZINHO DE FRANGO BDJ 12X1KG NAT
787,"22,00",FILEZINHO SASSAMI INDUSTRIAL KG
906,"22,00","CAPSULA CAFE SC FILTRAD CLAS 8X10X7,5G"
907,"22,00",CAPSULA CAFE CAPP 3C 8X10X11G
908,"22,00",CAPSULA CAFE CAPP TRES AVELA NF 8X10X11G
909,"22,00",CAPSULA CAFE CAPP SC 8X10X11G
910,"22,00",CAPSULA CHOCOLATTO TRES 8X10X11G
911,"22,00",CAPSULA CHOCOLATTO CARAMEL TRES 8X10X11G
913,"22,00",CAPSULA CAFE C/LEITE TRES NF 8X10X9G
1033,"22,00",CAPSULA CAFE SC RES FAM MOG PAUL 10X8G
1034,"22,00","CAPSULA CAFE 3C FILTRAD TRAD 8X10X7,5G"
130,"23,00",LANCHE DE FRANGO AURORA KG
140,"23,00",SALSICHA HOT DOG COPACOL
459,"23,00",PRESUNTO TRAD MAGRO PERDIGAO KG
497,"23,00",LANCHE DE FRANGO AURORA KG
513,"23,00",PRESUNTO COZ OVAL REZENDE KG
579,"23,00",LANCHE DE FRANGO AURORA QUADRADO KG
626,"23,00",LANCHE PERDIGAO CHESTER KG
640,"23,00",SUI IND LING CHURRASCO KG
641,"23,00",LANCHE SUINO PEPERI KG
689,"23,00",LANCHE BRUSTER KG
728,"23,00",LINGUICA PERNIL SEARA PC 5KG CX 20KG
791,"23,00",CHESTER LANCHE PERDIGAO KG
971,"23,00",CAPSULA CAFE TRES ATENTO 8X10X8G
527,"24,50",PRESUNTO DE PERU COZIDO SADIA KG
41,"25,00",BOLO CONFEITADO KG
43,"25,00",PAO DE QUEIJO KG
44,"25,00",MINI SALGADOS KG
111,"25,00",RICOTA FRESCA ISIS C/ SAL
118,"25,00",ACAI NA TIJELA KG
312,"25,00",ACAI C/ MORANGO KG
313,"25,00",ACAI TRADICIONAL KG
338,"25,00",CREME 05L ACAI C/ LEITINHO SLUP
339,"25,00",CREME 05L MORANGO  SLUP
357,"25,00",CREME  ACAI C/ CHOCOLATE SLUP
358,"25,00",CREME ACAI C/ MARACUJA  SLUP
371,"25,00",CREME LEITINHO SLUP
372,"25,00",CREME DE CUPUACU SLUP
373,"25,00",CREME MIX ENERGETICO SLUP
403,"25,00",CREME ACAI C/ CUPUACU SLUP
453,"25,00",CREME ACAI NATURAL ZERO ACUCAR SLUP
565,"25,00",PRESUNTO DE PERU COZIDO SADIA KG
737,"25,00",CREME 05L ACAI NATURAL SLUP
912,"25,00",CAPSULA CAFE C/LEITE 3C BAILEYS 8X10X11G
133,"28,00",QUEIJO MUSSARELA PURANATA KG
144,"28,00",QUEIJO MUSSARELA INTEIRO FRIOLACK
206,"28,00",QUEIJO MUSSARELA CATOLE
231,"28,00",QUEIJO MUSSARELA SERTAO JUCURUTU
251,"28,00",QUEIJO MUSSARELA CATOLE
276,"28,00",QUEIJO MUSSARELA CAICO
318,"28,00",QUEIJO MUSSARELA BIANA
322,"28,00",QUEIJO MUSSARELA BIANA KG
353,"28,00",QUEIJO MUSSARELA FRIOLACK
388,"28,00",QUEIJO MUSSARELA CATOLE
393,"28,00",QUEIJO MUSSARELA SERTAO JUCURUTU
406,"28,00",QUEIJO MUSSARELA COMILA KG
445,"28,00",QUEIJO MUSSARELA BIANA
784,"28,00",FILE DE PEITO AURORA BDJ 12X1KG
75,"29,00",QUEIJO COALHO ISIS
682,"29,00",QUEIJO MUSSARELA SOBERANO KG
33,"30,00",CENTO MINI SALGADOS SABORES
617,"30,00",SOL PREMIUM LN 330 (CX06)
634,"31,00",QUEIJO MUSSARELA NATVILLE BARRA KG
162,"32,00",QUEIJO COALHO LIGHT ISIS
187,"32,00",SALSICHA HOT DOG COOPAVEL
198,"33,00",QUEIJO MINAS FRESCAL ISIS POTE
587,"36,00",QUEIJO MUSSARELA BIG KG
426,"38,00",QUEIJO MUSSARELA NATIVILLE KG
460,"39,50",QUEIJO MUSSARELA DONATA KG
46,"40,00",SUSPIRO AÇUCAR KG
618,"40,00",HEIN LN 330ML
76,"42,00",QUEIJO COALHO LACISIS
859,"45,00",CERVEJA TIGER LT 350ML SLEEK
1054,"48,00",QUEIJO COALHO ISIS
999,"51,00",QUEIJO MUSSARELA ISIS KG
537,"53,50",QUEIJO MUSSARELA ISIS KG
96,"55,00",LINGUICA SUINA P CHURRASCO DALIA PC 5 KG (9198)
139,"62,00",LINGUICA CALAB. RETA DALIA
818,"70,00",CERV PIL EISEN LN 355ML DESC
969,"75,00",CERV UNFIL EISEN LN 355ML
1055,"77,00",QUEIJO PRATO ISIS KG
370,"79,00",HEINEKEN BARRIL 5L UND
967,"80,00",CERV WEIZENBIER EISEN LN 355ML
968,"80,00",CERV SESSION IPA HILDA EISEN LN 355ML
809,"200,00",CERV PIL EISEN VD 600ML